family,dtype,side,threads,numpy_median_ms,solvcon_median_ms,speedup,round_ratio_p10,round_ratio_p90,samples_per_method,relative_frobenius_error,peak_rss_gib,major_faults
single,float32,1024,1,17.850957,18.25588975,0.9778190624754403,0.926279830929192,0.9864817267371659,90,0.0,0.08042526245117188,0
single,float32,128,1,0.040477523668639055,0.04036082972440944,1.0028912672268242,0.9734170616419957,1.0602650178473372,90,0.0,0.0557403564453125,0
single,float32,16,1,0.0009903382704738637,0.000756343848977829,1.3093757182163503,1.296997835334162,1.3247966211080775,90,0.0,0.0550079345703125,0
single,float32,256,1,0.2679653243243243,0.2672450149253731,1.0026953146316024,0.9745957990853786,1.0376625979974354,90,0.0,0.0575714111328125,0
single,float32,32,1,0.001941840950732899,0.0016200679746333731,1.1986169599904253,1.1754138511738308,1.235406247772728,90,0.0,0.055370330810546875,0
single,float32,512,1,2.5514109285714284,2.5135484444444445,1.0150633596144403,0.9484120626643999,1.0376097470854608,90,0.0,0.06272506713867188,0
single,float32,64,1,0.006789667591383812,0.006736704065553104,1.007861934458651,0.9907367564877176,1.0204190134910203,90,0.0,0.0553741455078125,0
single,float32,8,1,0.0007754666528152919,0.0004624598638842565,1.676830171384071,1.6508784924232116,1.6985702524524462,90,7.739372084089915e-08,0.055370330810546875,0
single,float64,1024,1,37.634989,39.5645195,0.9512307864626032,0.9262120448567743,0.9783751650702763,90,0.0,0.10507965087890625,0
single,float64,128,1,0.077353138,0.07588952238805971,1.0192861355017644,0.9992784896945643,1.059445073074285,90,0.0,0.056285858154296875,0
single,float64,16,1,0.0011286264289602614,0.0008690372313527181,1.2987089485262608,1.2816752442891528,1.3247563811068748,90,0.0,0.0553741455078125,0
single,float64,256,1,0.8051805434782608,0.77298175,1.0416553087809135,1.0061049023680575,1.0572276057788228,90,0.0,0.059299468994140625,0
single,float64,32,1,0.0026104623963397197,0.0022725392612253925,1.1486984805411515,1.130605658262597,1.1689222612397283,90,0.0,0.0553741455078125,0
single,float64,512,1,5.88396525,5.787268166666666,1.0167085886723355,0.9610624597658166,1.1397154658646362,90,0.0,0.067840576171875,0
single,float64,64,1,0.011853361890243901,0.011528041203974285,1.0282199447862368,1.013245434918377,1.0443150303084874,90,0.0,0.055370330810546875,0
single,float64,8,1,0.0007619271000228884,0.00045981257969034605,1.6570383971138782,1.6392576644636119,1.6680953379491443,90,1.224533250630709e-16,0.0553741455078125,0
batch,float32,1024,1,177.1928915,185.3795535,0.9558383767495696,0.9478358815228145,0.9566848888986212,90,0.0,0.29894256591796875,0
batch,float32,128,1,0.4191883775510204,0.41957041304347825,0.999089460360928,0.9966048801741929,1.011035366459974,90,0.0,0.0594024658203125,0
batch,float32,16,1,0.004288313267284084,0.004021507968529353,1.0663445903483566,1.0429610598419345,1.0849123585232623,90,0.0,0.055194854736328125,0
batch,float32,256,1,3.3859719,3.2929602142857144,1.0282456147847692,0.9607414910353609,1.10505542764042,90,0.0,0.0712127685546875,0
batch,float32,32,1,0.013553097885402455,0.01322153259452412,1.0250776745061807,1.0062299842480462,1.043355559258504,90,0.0,0.055377960205078125,0
batch,float32,512,1,23.165173,23.2843175,0.9948830580926411,0.9961088801986491,1.0097199266652432,90,0.0,0.1164398193359375,0
batch,float32,64,1,0.07268293272727272,0.0701126693811075,1.0366590427786195,1.017967848688202,1.0564948858673247,90,0.0,0.056476593017578125,0
batch,float32,8,1,0.0021343998690320277,0.002483772126504602,0.8593380392088368,0.8409873114705442,0.8701033024886766,90,7.35421956605762e-08,0.0551910400390625,0
batch,float64,1024,1,373.45186,389.63341,0.9584698088390315,0.9459468397444615,0.9641513261355104,90,0.0,0.5426521301269531,0
batch,float64,128,1,0.8852768695652175,0.8529292199999999,1.037925362159849,1.0262867754617178,1.0901425784936727,90,0.0,0.06306838989257812,0
batch,float64,16,1,0.005050041484184915,0.004557360366252453,1.1081066842071121,1.096413491136707,1.1164765647686488,90,0.0,0.0553741455078125,0
batch,float64,256,1,7.066702666666666,7.004292,1.0089103462086768,0.9903135098899971,1.0186376961304184,90,0.0,0.086151123046875,0
batch,float64,32,1,0.02053906882591093,0.019811304391217564,1.0367348065691215,1.0216801128336537,1.0483074728921584,90,0.0,0.0559234619140625,0
batch,float64,512,1,48.389924,48.3467005,1.00089403205499,0.9977513318787058,1.0010752435565675,90,0.0,0.17746353149414062,0
batch,float64,64,1,0.12423996129032258,0.12217106363636362,1.0169344326911725,0.9987032925192858,1.0273334234908407,90,0.0,0.0572052001953125,0
batch,float64,8,1,0.0020806624707586053,0.0024325860400829305,0.8553294463071375,0.8422086491284975,0.8852687722849562,90,1.286318566001226e-16,0.05538177490234375,0
broadcast,float32,1024,1,190.6699595,193.6803555,0.9844568852002133,0.946560818284637,0.9968811241744899,90,0.0,0.22881698608398438,0
broadcast,float32,128,1,0.4521204137931034,0.4133901481481482,1.09368937750078,0.985226888868298,1.11400535428894,90,0.0,0.058483123779296875,0
broadcast,float32,16,1,0.004285575834542816,0.0034365745534982797,1.2470487014984997,1.2382481853810756,1.2575648347097337,90,0.0,0.0553741455078125,0
broadcast,float32,256,1,3.375714,3.2203766428571425,1.0482357731315057,0.9975135267776729,1.1453565524021851,90,0.0,0.0667877197265625,0
broadcast,float32,32,1,0.01365448092643052,0.011093006977992485,1.2309088918378726,1.2227234957780833,1.2434343558033187,90,0.0,0.0553741455078125,0
broadcast,float32,512,1,25.983006,23.93891,1.0853880147425259,1.0438737075938547,1.1243503532571453,90,0.0,0.09905242919921875,0
broadcast,float32,64,1,0.07321412280701754,0.06152257634730539,1.1900366849676676,1.1388973738627353,1.195556693544307,90,0.0,0.0559234619140625,0
broadcast,float32,8,1,0.0020857856474745377,0.002448688227529101,0.8517971475606114,0.8442004105125109,0.865419435149215,90,7.695788984208235e-08,0.0553741455078125,0
broadcast,float64,1024,1,398.839234,396.1224935,1.006858334339956,0.9953574767657705,1.0202801105907426,90,0.0,0.40201568603515625,0
broadcast,float64,128,1,0.8637081136363637,0.7995954285714286,1.0801814052132337,1.069491488218541,1.1100233329085825,90,0.0,0.0608673095703125,0
broadcast,float64,16,1,0.005215632126696832,0.00424962687366167,1.2273153106740424,1.2150327417416977,1.2577262102967128,90,0.0,0.055454254150390625,0
broadcast,float64,256,1,7.122313833333333,6.6579875,1.0697397424271724,1.0326425683106288,1.1504998944640235,90,0.0,0.07713699340820312,0
broadcast,float64,32,1,0.02138753224043716,0.01915883467381591,1.1163274074110143,1.1085624599285044,1.126803738826034,90,0.0,0.05556488037109375,0
broadcast,float64,512,1,52.3285185,49.243067,1.062657581827712,1.0279102292682742,1.1090916091537113,90,0.0,0.1423187255859375,0
broadcast,float64,64,1,0.13000842258064516,0.11734821428571429,1.1078858197544135,1.0734237014866603,1.134613545876846,90,0.0,0.0568389892578125,0
broadcast,float64,8,1,0.002124039702233251,0.0024921242796772953,0.852300874219761,0.8323341338957764,0.887061162236414,90,1.121188855127269e-16,0.055194854736328125,0
large,float32,16384,24,13838.0946345,12203.2559295,1.1339674193874736,1.0702324617610697,1.2570509328786605,6,9.280255950180703e-07,4.582271575927734,0
large,float32,20480,24,22820.605211,19563.672603,1.1664785888668248,1.0162216455774185,1.2163723760671914,6,9.283112578029479e-07,7.118721008300781,0
large,float32,8192,24,1456.02223,1289.6888725,1.1289716931321356,1.0779920056460075,1.1397369981284653,6,0.0,1.0992012023925781,0
large,float64,16384,24,27438.623814,23705.678621,1.1574705053873935,1.0964072749769784,1.2588441643670352,6,1.5784978965523454e-15,9.101734161376953,0
large,float64,20480,24,42330.2517175,37779.056785,1.1204687284386368,1.0203606134249137,1.1537082319387235,6,1.6031673445924191e-15,14.176307678222656,0
large,float64,8192,24,2825.3477615,2661.1523055,1.0617008863643937,1.0539213742501106,1.124991675945019,6,0.0,2.116802215576172,0
