family,dtype,side,threads,numpy_time_ms,solvcon_time_ms,speedup,numpy_pooled_median_ms,solvcon_pooled_median_ms,process_ratio_min,process_ratio_max,round_ratio_p10,round_ratio_p90,samples_per_method,relative_frobenius_error,peak_rss_gib,numpy_process_min_ms,numpy_process_max_ms,numpy_p10_ms,numpy_p90_ms,numpy_cpu_wall_ratio,solvcon_process_min_ms,solvcon_process_max_ms,solvcon_p10_ms,solvcon_p90_ms,solvcon_cpu_wall_ratio
batch,float32,1024,24,156.15322216169866,143.32470556306995,1.0895066663366249,156.5121915,126.5671095,0.8397439462196181,1.2743737101551005,0.7756844356542084,1.4736118404772587,30,0.0,0.29843902587890625,141.748048,188.4620615,126.21022,198.605802,23.73664578644079,111.8446005,224.4280085,96.0950937,246.39168220000002,23.73429438551912
batch,float32,128,24,9.547622865996585,9.430118778578148,1.0124605097960553,18.21232407857143,16.4512623625,0.9630265962772093,1.1185192045230277,0.8075652180488002,1.478274329383401,30,0.0,0.058635711669921875,2.2365605,20.582450589285717,2.0846964000000003,25.54949579857143,23.7873881644069,2.32128304,21.372670982142857,1.77604738,22.656366625357144,23.788191056007083
batch,float32,16,24,0.0044893516279608334,0.0043699162167005505,1.0273312817311773,0.004486324753267538,0.004387391326243095,1.023979887036538,1.0330529191401172,0.9901677313609468,1.0832819115982468,30,0.0,0.05535125732421875,0.004420840132585415,0.004544673646305682,0.004368749507054225,0.004666090568322478,0.9910399524496205,0.0043173114907360186,0.004399265092913665,0.0042625065358925275,0.00448442105449712,0.9909578425756804
batch,float32,256,24,17.65187878166556,17.62551894388521,1.0014955495985265,24.38822125,26.0589875,0.9130316124212067,1.1106283552409366,0.7167011076518542,1.6598776109306113,30,0.0,0.06964874267578125,5.418147363636363,40.904931,4.981362913636364,45.140741100000014,23.92262673333679,5.4696345909090915,36.83044,5.191954886363637,37.6432744,23.923305789711932
batch,float32,32,24,0.013783790464275561,0.013388364812668342,1.029535022173362,0.013718666091336438,0.013368062192747198,1.0208341853292335,1.0435442157832306,0.9908937162113296,1.0752672004724864,30,0.0,0.055553436279296875,0.013626114289446186,0.014083874694210383,0.0134015433421641,0.014410114395464779,0.9905263487630154,0.013301931687565308,0.013496193530850775,0.013210594211961198,0.013738816145691763,0.9905719298392475
batch,float32,512,24,49.61273373364435,58.500260322110236,0.8480771446224344,49.1711178,56.9898545,0.7766708659670373,0.9221964597299324,0.6678719351802404,1.1868487142415114,30,0.0,0.11554336547851562,45.1148845,53.7634955,25.334511420000005,75.60186570000003,23.738349377365253,48.9211209,64.8238935,18.78599382,86.8153695,23.742422703761957
batch,float32,64,24,0.07110884657218956,0.06927890520733782,1.0264141207106998,0.07107803537414967,0.06931640879010696,1.02305684207899,1.0289396466154943,0.998247857717846,1.0564014317439607,30,0.0,0.056446075439453125,0.07014052406417112,0.07178835069444443,0.06952470681966726,0.07271368868983957,0.9903624626612089,0.06855975267379678,0.06988368333333334,0.06756289812834225,0.07146486641156462,0.9903824887094799
batch,float32,8,24,0.002303589955427736,0.0024591562937021205,0.9367399548077572,0.002308263854752629,0.0024635935873998033,0.9321169503032466,0.9407866037543741,0.9034939274968652,0.9584143690524861,30,7.35421956605762e-08,0.055522918701171875,0.00227326768488746,0.0023258783809122015,0.0022479943635497356,0.0023691284111575037,0.9908807230327437,0.0024163478474455167,0.0024813692635822435,0.0024065406261164703,0.0025510413974421816,0.9908374688478301
batch,float64,1024,24,247.31063708810555,227.60999155049393,1.0865543968584574,251.4616415,221.914868,0.9698106255471327,1.1752814671326965,0.9021340238365992,1.399125313540287,30,0.0,0.5422401428222656,235.4080775,255.526109,217.41095140000002,317.67905640000004,24.115938192571974,200.299319,263.480418,179.8014906,288.38603470000004,24.117624588134404
batch,float64,128,24,7.431433232193231,8.031621118844487,0.9252718874844528,14.372318083333335,14.527452583333332,0.8289709080148231,0.9789987413424366,0.6100243924573319,1.7392825243817724,30,0.0,0.06185150146484375,1.6126205588235294,16.45576858333333,1.5049394392156865,22.954187666666673,23.721486482428055,1.6521349313725489,19.850839666666666,1.4126996549019608,29.835370583333336,23.746030708180943
batch,float64,16,24,0.005361455048973739,0.005183024263428752,1.0344259985051563,0.005366438533398878,0.005129002376441838,1.0044744821050928,1.0500943505964955,0.9807756077965707,1.07986724476761,30,0.0,0.05535888671875,0.005324007148610551,0.005385944988019169,0.005230846382397105,0.005480344049520767,0.9897140647166215,0.005073498993153444,0.005361953025159744,0.005031266443160798,0.0054899794528754,0.9897697806932708
batch,float64,256,24,18.830758197927743,17.391561336372803,1.082752596717409,28.21850065,25.87241875,1.0399283086546318,1.1716273337960919,0.76097152092013,2.0428194208003356,30,0.0,0.08517074584960938,6.76699945,32.134860625,5.593899060000001,39.092396150000006,23.637992046296066,5.77572685,30.8447755625,4.9197609700000005,41.058164062500005,23.58751204018164
batch,float64,32,24,0.02084548759592792,0.02032664632770904,1.0255251781259953,0.020846803263256587,0.020271455907877482,1.0150763517532306,1.0324589538218194,0.9799012332926318,1.0714362463841123,30,0.0,0.055835723876953125,0.02075129422310757,0.020939835510688835,0.020235328828285902,0.02154859046304095,0.9907149359457106,0.020190400117279125,0.020443087051792826,0.019839534798099766,0.020727475174330046,0.9907259467093429
batch,float64,512,24,72.30391865728011,61.16537527764524,1.182105371365322,66.1129545,58.999656,1.058607662931008,1.4197799083476095,0.628907177367604,1.7136861251422315,30,0.0,0.17687225341796875,56.6300105,104.683614,45.5979264,134.79656970000002,24.110809046701753,53.494805,73.732283,50.836741100000005,94.74012160000001,24.120044550204156
batch,float64,64,24,0.1246321272569208,0.12198910486010646,1.0216660528810773,0.1253165182525987,0.12173781511154937,0.9978992344804358,1.041105978205769,0.97794213157004,1.0789281405865974,30,0.0,0.057651519775390625,0.12282606451612903,0.12609897514619883,0.12037599627791563,0.12954043467274745,0.9904960977073325,0.12005852107728336,0.1230846364764268,0.11802497783834358,0.12570155787514692,0.9904801483904142
batch,float64,8,24,0.002464390101663712,0.002455774613355513,1.0035082569309677,0.0024838322254986524,0.002447343637845619,0.95251998312982,1.0384082251273465,0.9294115530472539,1.0524118167054486,30,1.286318566001226e-16,0.05551910400390625,0.00236659974853311,0.0025344763788478154,0.00231809456778582,0.0025745596689855862,0.9909859330717172,0.0024407321875142087,0.0024845670331837683,0.002415484849652679,0.0025142013169353796,0.9910294030203579
broadcast,float32,1024,24,169.877062878326,147.4297384591111,1.152257778205586,167.3943385,165.731211,0.9346436923434186,1.5088998324430622,0.8194920884030017,1.4696492969749562,30,0.0,0.2279205322265625,143.118919,186.1390725,128.3719619,210.5056,23.759260384473485,94.8498475,199.1551155,91.9203292,253.53737859999998,23.775395101870764
broadcast,float32,128,24,7.37929067701347,5.681495284013126,1.298828971622609,5.82308751724138,7.992234512820512,1.0683324092056588,1.6083874252486734,0.41257133730401807,2.599686848667269,30,0.0,0.05753326416015625,3.131298782051282,22.79731616666667,2.144212382758621,26.63548216666667,23.7613235279102,2.931015435897436,17.878245333333336,1.8914242923076925,20.750642020689668,23.756898167405474
broadcast,float32,16,24,0.004526040858398093,0.0037828458434537968,1.196464525835858,0.004528041020209693,0.003791296641652426,1.1805150499791284,1.2153754237174317,1.1627480059792248,1.214298853254921,30,0.0,0.0553436279296875,0.004465790943700125,0.004575623213070115,0.004444146438245845,0.004638807084996942,0.995249676606406,0.003764781748733076,0.00380092469722862,0.003707832672674407,0.00392706917782316,0.9949871712033105
broadcast,float32,256,24,17.804211135167662,16.063882692217607,1.1083379701093798,27.323342,26.026898916666664,0.8693679499735049,1.2709922997020344,0.6686298153101629,1.8197473105620565,30,0.0,0.0654296875,5.3877629473684205,34.94161,5.249508578947368,42.39808825,23.808832736830695,4.372586289473684,34.483647,3.9294279105263157,40.7381725,23.807491472790318
broadcast,float32,32,24,0.013820934508374027,0.011339748012300494,1.2188043767270782,0.013861366973458904,0.01131608151050993,1.2079904297504005,1.2260939154049297,1.1621917941619986,1.2846662402578581,30,0.0,0.055706024169921875,0.013718452136353023,0.013902632705479452,0.013385804763016576,0.014401574272260274,0.9915082489263827,0.011222518445015175,0.011508893086472603,0.010963487899584862,0.011730847311125215,0.9915495817975162
broadcast,float32,512,24,23.729954462989774,30.820216977251675,0.7699476768935402,17.97345325,20.079347291666664,0.4551990555157739,1.0091420779267237,0.4941684594810653,1.5698963071009262,30,0.0,0.09814453125,16.5857485,46.68357208333333,11.210800200000001,58.579846800000006,23.85646185199144,16.69187425,46.26065358333333,9.6778648,61.20980815000001,23.84088563065049
broadcast,float32,64,24,0.0711889876202673,0.06051505163343974,1.1763848116908704,0.07098349392862487,0.06047674245272022,1.1677484341391273,1.186974651567741,1.1326799185528085,1.2090995416662562,30,0.0,0.0560760498046875,0.07065834512195122,0.07166692293906811,0.06942882807870718,0.07228073171928774,0.9925806810271467,0.060377804062126644,0.060659488343558284,0.0587515029779701,0.06290118649910945,0.9925984298305306
broadcast,float32,8,24,0.002308664376741146,0.0024448153928740726,0.9443103080380763,0.0023006222880872463,0.002442353837053238,0.9318317849514808,0.9561513650059971,0.9163699618795516,0.9722429033067573,30,7.695788984208235e-08,0.055507659912109375,0.0022485773940413055,0.002369225646255487,0.002241837149139827,0.002390411681380809,0.9910535057774306,0.0024130722200663996,0.0024778771782024566,0.0023992481309015653,0.002492965081299917,0.9911798746248015
broadcast,float64,1024,24,255.58914159156873,216.81526869712377,1.1788336823667591,260.2553375,217.5216295,1.163624832902012,1.1980388523784784,0.9900660767466407,1.528861336025755,30,0.0,0.40167999267578125,219.853118,289.617069,203.3937554,330.2295064000001,23.786625250227875,187.093588,248.892135,163.5623223,275.43217560000005,23.748960830401675
broadcast,float64,128,24,2.813328555723534,2.8381792562169372,0.9912441399044939,2.334117064596273,1.9642420288043478,0.8912678455020632,1.1125235671250118,0.45240859255993715,3.1913752324595532,30,0.0,0.059612274169921875,1.9367978043478262,5.615992306250001,1.204955812173913,10.739109806250006,23.74024925762372,1.7409049673913042,5.7174459,0.7726511614285715,13.350967091250007,23.745115761226685
broadcast,float64,16,24,0.005283991870605609,0.004591837959572969,1.15073570041592,0.005282464803868889,0.004612398876539705,1.1467028107771966,1.1545249230544852,1.120879878278216,1.1760698659297526,30,0.0,0.055339813232421875,0.005246050334683812,0.0053461535091896,0.005207131615140214,0.005404519664793829,1.0052272197075602,0.004556267687623142,0.004662196219407675,0.0044872071884515296,0.004705056442243597,1.0052809306000516
broadcast,float64,256,24,29.94258878460083,31.17737858406764,0.960394688214813,30.4521745,31.3873685,0.9086969684593219,0.9882141565020093,0.7219626673175498,1.5679527384836165,30,0.0,0.07654190063476562,27.919322,32.4452305,21.0651475,47.88032160000001,24.021816162021583,28.30256325,32.8321855,21.18342335,44.33632910000001,23.984146785970115
broadcast,float64,32,24,0.02053412295220907,0.01854928215155885,1.1070036449083513,0.020530937776622137,0.01885333565512048,1.0912861901431155,1.1203769307792495,1.024120041587519,1.1408522044832596,30,0.0,0.0557098388671875,0.01988250291788245,0.02100000677710843,0.019785207753230512,0.02125350633408456,0.993412850389422,0.018219329720716968,0.018926708772590364,0.018000040433513966,0.019634679047828132,0.993452343028741
broadcast,float64,512,24,60.675122334738695,50.125832702861764,1.2104561473205144,62.64481725,55.8256665,0.9845595648190224,1.5092619838931436,0.5824399738972089,1.6946187507721093,30,0.0,0.14197158813476562,41.151251625,74.914231,26.770776675,85.06145690000001,23.65836586301024,27.26581075,76.0890795,21.0542805,102.40281590000001,23.667388633957618
broadcast,float64,64,24,0.12085908871932982,0.10965811723970893,1.102144481061406,0.12042486135424955,0.10958901325499222,1.0980714599878185,1.1077740564264211,1.0356437301118522,1.1595843770872984,30,0.0,0.057109832763671875,0.11901412899262899,0.12354052483801296,0.11720058378378378,0.1253045733019884,0.9912594787799319,0.10743538206388206,0.1122472332613391,0.10634507027027026,0.12019744125269978,0.9912908835895924
broadcast,float64,8,24,0.002299107919963808,0.0024666525681934916,0.9320761057353171,0.002294897657544677,0.002465223192075116,0.9279382683896042,0.936729282990805,0.910481277171641,0.9540411519789302,30,1.121188855127269e-16,0.055530548095703125,0.002294897657544677,0.0023058502096635855,0.0022530575697162027,0.0023298986805425984,0.9931929887970709,0.0024615972314876587,0.0024749394180495566,0.0024230490830038256,0.0024978228532844997,0.9929800660945093
large,float32,16384,24,10213.301214956637,9561.039917037739,1.0682207483264001,10225.900853,9470.251367,1.0318410923632655,1.1038197991073782,1.002993795579775,1.1565291253775187,30,9.280255950180703e-07,4.582477569580078,9886.210665,10605.986623,9650.7803026,11645.9861502,23.903859578738214,8956.362871,9910.1230435,8830.518618799999,10419.2511957,23.249886155745305
large,float32,20480,24,19153.44378422392,17670.748381389792,1.0839067690192257,19047.7535145,17740.782162,1.0555808366107162,1.106506416763353,1.0417455074487671,1.13561957597702,30,9.283112578029479e-07,7.118549346923828,18769.96947,19428.668701,18497.8300132,20394.8097356,23.90324048936204,16963.272138,18405.666366,16570.3497828,18834.680092,23.144795247021783
large,float32,8192,24,1382.2196911285498,1272.9528320231843,1.0858373196214197,1379.8660915,1273.132698,1.0706250229765473,1.0983567282277023,1.0014360807077687,1.1292706091242102,30,0.0,1.0996360778808594,1298.4531355,1503.316748,1287.1512539,1579.0212124000002,23.938775000512926,1212.7991665,1380.819807,1189.2039327999998,1525.1438165,23.948425061738753
large,float64,16384,24,21287.39089670363,18563.140369898345,1.146755908349585,21073.436376,18333.6966365,1.1089634011583973,1.181742103798775,1.054940943110325,1.2691195492126728,30,1.5784978965523454e-15,9.101749420166016,20381.8347805,21798.5608515,19746.3823713,23458.7874679,23.882319878864173,17712.1075315,19578.480947,17196.6814022,20844.7863288,22.709593760544124
large,float64,20480,24,39113.90181599621,33600.778447251076,1.164077251287497,37935.953194,32350.201082,1.155903867628371,1.1761348856695495,1.0596594616425317,1.2284270687543555,30,1.6031673445924191e-15,14.17626953125,36840.133149,42748.57854,36674.0477415,43994.150232,23.90617591853396,31750.797145,36982.8146935,31653.6841941,38564.49248300001,22.83151549053001
large,float64,8192,24,2652.9000485077563,2442.026858003153,1.0863517081368361,2617.5955185,2396.7274035,1.0181144842513474,1.1273395083501376,1.0018251803467129,1.1937208367912893,30,0.0,2.116748809814453,2533.3955425,2894.7757365,2496.1440347,2971.1768551,23.908603511859106,2247.2338845,2591.5220745,2228.4976359,2720.5526081000003,23.922874667168013
single,float32,1024,24,17.518586034734625,18.674409213581622,0.9381065732453595,18.4421976,20.2071426,0.7959583949010329,1.1562903267918625,0.7458536829882321,1.3131601576600078,30,0.0,0.07928085327148438,16.47443375,19.539241899999997,12.071286,23.289066760000008,24.55746995255079,14.247662,21.782535600000003,10.46506035,25.088805760000003,24.573274466953343
single,float32,128,24,0.6074723442745041,0.6535349195368755,0.9295178055749288,1.2416401333333333,1.351712501190476,0.9125155297416582,0.9532878090712471,0.7089524824522732,1.477959172943562,30,0.0,0.05606842041015625,0.09432008815232723,1.7359546339285714,0.08974339492242596,2.382168078142858,23.76777384695547,0.10216340550070521,1.9023836607142857,0.09536907715091678,2.4083705664285713,23.802792515154348
single,float32,16,24,0.0009712422492389699,0.0007688819485182427,1.2631877378714738,0.0009770373338474458,0.0007721161813540289,1.2262833245383857,1.2862552640295415,1.2056294482867822,1.302531304869529,30,0.0,0.055522918701171875,0.0009426712503502278,0.0009902878651196067,0.0009374358854496925,0.0010042133293931006,1.004523711463609,0.000763016296237498,0.0007749536737487169,0.0007579883537069376,0.0007937841835643853,1.0046833583746078
single,float32,256,24,2.3828301745708305,2.874833786142903,0.8288584147217143,3.608234846153846,3.6942733846153843,0.6686416499568458,0.9236488306853923,0.6070859910227538,1.3743795253543976,30,0.0,0.05754852294921875,0.8267039333333334,4.504290452380952,0.7796902000000001,5.155596246153848,24.430963615046178,0.8966217333333334,5.433872653846154,0.8067968200000001,7.005415646153847,24.440500564972858
single,float32,32,24,0.001969561371232068,0.0016138111311061445,1.220441062320647,0.001965894270432,0.0016160682276634701,1.187154387034531,1.2432274431210144,1.167144633557542,1.2615621204699938,30,0.0,0.055446624755859375,0.0019321838126565472,0.0019923032306116747,0.001919199843075716,0.0020288290432369962,0.9839965702316497,0.0015964454628492235,0.001627575851766907,0.0015734629817162045,0.0016768328816730543,0.9840139753098888
single,float32,512,24,5.037937556863242,5.115639877886808,0.9848108305356975,5.343717071428571,5.182837527777778,0.8856473905952477,1.1023496633709091,0.5974073525664546,1.8788655019813971,30,0.0,0.061305999755859375,4.0507305,5.62012675,2.8601822253968257,9.174669900793653,23.778335432392993,4.57375084375,5.744707,2.8039619830357143,9.389987904166668,23.820435291643015
single,float32,64,24,0.006680221246612209,0.006768589765569836,0.9869443234088235,0.0066647507484284526,0.006778603430194242,0.9849081963563929,0.9897558204536587,0.9545894334119843,1.02701440311367,30,0.0,0.05551910400390625,0.0066274168091542815,0.006753134405707363,0.0065887760887398585,0.00694538170882848,0.9898931156889641,0.006720322898855715,0.006823030757840894,0.0066484196106799945,0.006942399968483944,0.9898962005247514
single,float32,8,24,0.0008081151331211923,0.0004588775656999211,1.7610691686105484,0.0008164965014250453,0.0004589097968388403,1.7007777475801038,1.795762782341096,1.6917267422218145,1.8281834257933047,30,7.739372084089915e-08,0.055393218994140625,0.0007765939016035256,0.0008285300973463129,0.0007753116524089915,0.0008308549825995691,0.994477767386774,0.00045661104321742025,0.00046138059296795133,0.00045208322416243654,0.00046649442938728655,0.9945913236022287
single,float64,1024,24,27.41974814845111,24.056267206436505,1.1398172423489987,25.8347585,23.462612333333336,1.0967440576972345,1.1642142173945536,0.8763769234162774,1.4423414694592331,30,0.0,0.10454177856445312,25.127735,32.578294,22.521564050000002,34.403770266666676,24.1613338680434,21.6309605,29.704554833333336,18.459539600000003,34.339791850000005,24.210371814350175
single,float64,128,24,0.32271886296682745,0.31050120999802006,1.039348165402915,0.16066587894710846,0.18094876326129666,0.9913764724482936,1.118764295430265,0.4547429896427139,1.8755463530507246,30,0.0,0.056446075439453125,0.1264941592178771,2.0914199317269078,0.11436595180549,2.5481635562248997,23.792531078879584,0.11355930844793713,2.109612230923695,0.1008938327847351,2.773783310843374,23.791911215180676
single,float64,16,24,0.0011364682111376769,0.0009133869914765197,1.244235161813,0.0011432557511904429,0.0009125055833918711,1.2384399711248302,1.248414648657285,1.1998009525510756,1.27582831176633,30,0.0,0.055583953857421875,0.0011254537851785847,0.0011531558162984692,0.00112003715169159,0.001158244555871299,1.0000736897918916,0.0009059356725674918,0.0009255809331744431,0.0008959016560622789,0.0009428927981638905,1.0001747218831851
single,float64,256,24,2.7068267231068552,2.745900111294729,0.9857702805622269,2.868442384615385,2.981107342948718,0.8617106961508938,1.1170600645099003,0.5432064869921249,1.7728408572073044,30,0.0,0.058441162109375,1.5691021203703703,4.134392708333333,1.4137604462962963,4.4886827057692305,23.555536683967436,1.5767471574074075,3.701137333333333,1.323968138888889,4.9920832750000015,23.57816480021967
single,float64,32,24,0.002632662897320667,0.002307382470274194,1.1409737792659138,0.002625931977268487,0.002297063937340382,1.1220813852683909,1.1510933377689636,1.1078315592225674,1.1731168900617428,30,0.0,0.05551910400390625,0.00261196380832891,0.0026699165514699106,0.002573681257857907,0.002753520495806838,0.9896960236932306,0.0022730572576706186,0.0023277846354292334,0.0022571580347231475,0.0023830372731571143,0.9897022700659256
single,float64,512,24,8.54826545730023,9.574182549916118,0.8928454635926201,9.383513615384617,9.555883961538463,0.824171720442541,0.9880836210845424,0.6965857817915587,1.2410231006306158,30,0.0,0.06746292114257812,7.199742923076923,10.9136568,5.464687960989011,14.271588620000001,23.62682800591398,8.735731576923076,11.0452765,5.936344515384615,14.509779820000004,23.628492602899797
single,float64,64,24,0.011696683679195045,0.01132917396995233,1.0324392325704803,0.011630827651515152,0.011315037925433483,1.024064932339981,1.0465429317873407,0.9992257146487931,1.0572623342875689,30,0.0,0.0557098388671875,0.011561332771030138,0.01190062344139651,0.011492178452541609,0.01201774536386307,0.9978142353425834,0.011258977395411606,0.011371366696894128,0.011133648812450408,0.011681735162862257,0.9978411913146915
single,float64,8,24,0.0007738137899739436,0.0004629218359763507,1.671586280525932,0.0007828522303923749,0.0004628424255782362,1.6072668987208398,1.7218292270512687,1.5928224036804968,1.7240784704805783,30,1.224533250630709e-16,0.055461883544921875,0.000736320858841965,0.0007967879800642335,0.0007346950332382742,0.0008021941973964752,0.9914173090519458,0.0004581198427143455,0.0004679411082164863,0.0004553135373558285,0.0004791936087628353,0.9914760615236902
